Kamikaze Reunion,20/02/2025,Thunder Dome,1590,2590,1.jpg
Flytime Festival,15/02/2025,Impact Arena,1500,2500,2.jpg
Rockverse Live,12/03/2025,Rajamangala Stadium,1800,3000,3.jpg
Thaitanium,12/03/2025,CentralWorld Square,1000,1500,4.jpg
We Rose You Live,25/04/2025,JJ Mall Hall,1200,1800,5.jpg
Mars Festival,27/07/2025,Impact Challenger,1800,2500,6.jpg
Bodyslam,10/05/2025,Chiang Mai Convention Center,900,1500,7.jpg
Music Festival 2025,17/05/2025,Khon Kaen Stadium,850,1300,8.jpg
Lets Charm Fest,23/06/2025,Phuket Expo Hall,1000,1600,9.jpg
Music Festival 2024,01/07/2025,ICONSIAM Event Hall,1300,2000,10.jpg
Maiyarap Summer Cool Party,20/07/2025,The Town Bangkok,900,1500,11.jpg
Night Party,17/08/2025,Central Plaza Rama 9,990,1990,12.jpg
Tilly Birds Live,01/09/2025,Show DC Hall,1500,2500,13.jpg
Wonder Wave Festival,15/04/2025,Pattaya Beach Stage,999,3500,14.jpg
GAVIN:D Live in Concert,30/07/2025,Morning Pub Phetchaburi,800,1200,15.jpg
MI4DX,11/01/2550,Siam,1000,2000,16.jpg
